{
  "stock": [
    3748161.0849999995,
    3749161.0849999995,
    3750161.0849999995,
    3751161.0849999995,
    3752161.0849999995
  ],
  "no person": [
    3757161.0849999995,
    3758161.0849999995,
    3759161.0849999995,
    3760161.0849999995
  ],
  "clock": [
    3757161.0849999995,
    3758161.0849999995
  ]
}