{
  "portrait": [
    3151731.9189999993,
    3152731.9189999993,
    3153731.9189999993,
    3154731.9189999993
  ],
  "mammal": [
    3151731.9189999993,
    3152731.9189999993,
    3153731.9189999993,
    3154731.9189999993
  ]
}