{
  "mammal": [
    3117989.8769999994,
    3118989.8769999994,
    3119989.8769999994,
    3120989.8769999994,
    3121989.8769999994,
    3122989.8769999994,
    3123989.8769999994,
    3124989.8769999994,
    3125989.8769999994,
    3126989.8769999994,
    3127989.8769999994,
    3128989.8769999994,
    3129989.8769999994,
    3130989.8769999994,
    3131989.8769999994,
    3132989.8769999994,
    3133989.8769999994,
    3134989.8769999994,
    3135989.8769999994,
    3136989.8769999994,
    3137989.8769999994
  ],
  "cat": [
    3132989.8769999994,
    3133989.8769999994,
    3134989.8769999994
  ]
}