{
  "sunset": [
    1363311.2910000002,
    1364311.2910000002,
    1365311.2910000002
  ],
  "sand": [
    1373311.2910000002,
    1374311.2910000002,
    1375311.2910000002,
    1376311.2910000002
  ],
  "dog": [
    1383311.2910000002,
    1384311.2910000002,
    1385311.2910000002,
    1386311.2910000002,
    1387311.2910000002,
    1388311.2910000002,
    1389311.2910000002,
    1390311.2910000002,
    1391311.2910000002,
    1392311.2910000002
  ]
}