{
  "cat": [
    4249578.6680000005,
    4250578.6680000005
  ],
  "pet": [
    4249578.6680000005,
    4250578.6680000005
  ]
}