{
  "conceptual": [
    5143929.460000001,
    5144929.460000001,
    5145929.460000001,
    5146929.460000001,
    5147929.460000001
  ],
  "text": [
    5152929.460000001,
    5153929.460000001,
    5154929.460000001,
    5155929.460000001,
    5156929.460000001,
    5157929.460000001,
    5158929.460000001,
    5159929.460000001,
    5160929.460000001,
    5161929.460000001,
    5162929.460000001
  ]
}