{
  "cute": [
    4670938.960000001,
    4671938.960000001,
    4672938.960000001,
    4673938.960000001,
    4674938.960000001,
    4675938.960000001
  ],
  "animal": [
    4670938.960000001,
    4671938.960000001,
    4672938.960000001,
    4673938.960000001,
    4674938.960000001,
    4675938.960000001
  ],
  "little": [
    4671938.960000001,
    4672938.960000001,
    4673938.960000001,
    4674938.960000001,
    4675938.960000001
  ]
}