{
  "cat": [
    4749911.835000001,
    4750911.835000001,
    4751911.835000001
  ],
  "cute": [
    4749911.835000001,
    4750911.835000001,
    4751911.835000001
  ]
}