{
  "mammal": [
    3174331.835999999,
    3175331.835999999,
    3176331.835999999,
    3177331.835999999,
    3178331.835999999,
    3179331.835999999,
    3180331.835999999
  ],
  "portrait": [
    3175331.835999999,
    3176331.835999999,
    3177331.835999999
  ],
  "eye": [
    3179331.835999999,
    3180331.835999999
  ]
}