{
  "no person": [
    5197979.460000001,
    5198979.460000001,
    5199979.460000001,
    5200979.460000001
  ],
  "abstract": [
    5201979.460000001,
    5202979.460000001,
    5203979.460000001
  ],
  "moon": [
    5201979.460000001,
    5202979.460000001,
    5203979.460000001
  ]
}