{
  "mammal": [
    2500245.7519999994,
    2501245.7519999994,
    2502245.7519999994,
    2503245.7519999994,
    2504245.7519999994,
    2505245.7519999994,
    2506245.7519999994,
    2507245.7519999994
  ],
  "no person": [
    2500245.7519999994,
    2501245.7519999994,
    2502245.7519999994,
    2503245.7519999994,
    2504245.7519999994,
    2505245.7519999994,
    2506245.7519999994,
    2507245.7519999994,
    2508245.7519999994,
    2509245.7519999994,
    2510245.7519999994,
    2511245.7519999994,
    2512245.7519999994,
    2513245.7519999994,
    2514245.7519999994,
    2515245.7519999994,
    2516245.7519999994,
    2517245.7519999994,
    2518245.7519999994,
    2519245.7519999994,
    2520245.7519999994,
    2521245.7519999994,
    2522245.7519999994,
    2523245.7519999994,
    2524245.7519999994,
    2525245.7519999994,
    2526245.7519999994,
    2527245.7519999994,
    2528245.7519999994,
    2529245.7519999994
  ],
  "canine": [
    2501245.7519999994,
    2502245.7519999994,
    2503245.7519999994
  ]
}