{
  "dog": [
    1311792.4990000003,
    1312792.4990000003,
    1313792.4990000003,
    1314792.4990000003,
    1315792.4990000003,
    1316792.4990000003,
    1317792.4990000003,
    1318792.4990000003,
    1319792.4990000003,
    1320792.4990000003,
    1321792.4990000003,
    1322792.4990000003,
    1323792.4990000003,
    1324792.4990000003
  ],
  "cute": [
    1316792.4990000003,
    1317792.4990000003,
    1318792.4990000003,
    1319792.4990000003,
    1320792.4990000003,
    1321792.4990000003,
    1322792.4990000003,
    1323792.4990000003,
    1324792.4990000003
  ],
  "little": [
    1316792.4990000003,
    1317792.4990000003,
    1318792.4990000003,
    1319792.4990000003,
    1320792.4990000003,
    1321792.4990000003,
    1322792.4990000003,
    1323792.4990000003,
    1324792.4990000003
  ],
  "pet": [
    1318792.4990000003,
    1319792.4990000003,
    1320792.4990000003,
    1321792.4990000003,
    1322792.4990000003,
    1323792.4990000003,
    1324792.4990000003
  ]
}