{
  "room": [
    2941396.7929999996,
    2942396.7929999996,
    2943396.7929999996,
    2944396.7929999996,
    2945396.7929999996,
    2946396.7929999996
  ],
  "furniture": [
    2941396.7929999996,
    2942396.7929999996,
    2943396.7929999996,
    2944396.7929999996,
    2945396.7929999996,
    2946396.7929999996
  ],
  "indoors": [
    2941396.7929999996,
    2942396.7929999996,
    2943396.7929999996,
    2944396.7929999996,
    2945396.7929999996,
    2946396.7929999996,
    2947396.7929999996,
    2948396.7929999996,
    2949396.7929999996,
    2950396.7929999996,
    2951396.7929999996,
    2952396.7929999996,
    2953396.7929999996,
    2954396.7929999996,
    2955396.7929999996,
    2956396.7929999996,
    2957396.7929999996,
    2958396.7929999996,
    2959396.7929999996,
    2960396.7929999996,
    2961396.7929999996,
    2962396.7929999996,
    2963396.7929999996,
    2964396.7929999996,
    2965396.7929999996,
    2966396.7929999996,
    2967396.7929999996,
    2968396.7929999996,
    2969396.7929999996,
    2970396.7929999996,
    2971396.7929999996,
    2972396.7929999996
  ],
  "door": [
    2947396.7929999996,
    2948396.7929999996,
    2949396.7929999996,
    2950396.7929999996,
    2951396.7929999996,
    2952396.7929999996,
    2953396.7929999996,
    2954396.7929999996,
    2955396.7929999996,
    2956396.7929999996,
    2957396.7929999996,
    2958396.7929999996,
    2959396.7929999996,
    2960396.7929999996,
    2961396.7929999996,
    2962396.7929999996,
    2963396.7929999996,
    2964396.7929999996,
    2965396.7929999996,
    2966396.7929999996,
    2967396.7929999996,
    2968396.7929999996,
    2969396.7929999996,
    2970396.7929999996,
    2971396.7929999996,
    2972396.7929999996
  ]
}