{
  "shelf": [
    4719129.085000001,
    4720129.085000001,
    4721129.085000001,
    4722129.085000001
  ],
  "indoors": [
    4743129.085000001,
    4744129.085000001,
    4745129.085000001
  ]
}