{
  "landscape": [
    4471175.0430000005,
    4472175.0430000005,
    4473175.0430000005,
    4474175.0430000005,
    4475175.0430000005,
    4476175.0430000005,
    4477175.0430000005,
    4478175.0430000005,
    4488175.0430000005,
    4489175.0430000005,
    4490175.0430000005,
    4494175.0430000005,
    4495175.0430000005,
    4496175.0430000005,
    4497175.0430000005
  ],
  "desert": [
    4471175.0430000005,
    4472175.0430000005,
    4473175.0430000005,
    4474175.0430000005,
    4475175.0430000005
  ],
  "no person": [
    4488175.0430000005,
    4489175.0430000005,
    4490175.0430000005
  ],
  "mountain": [
    4494175.0430000005,
    4495175.0430000005,
    4496175.0430000005,
    4497175.0430000005
  ]
}