{
  "no person": [
    5120899.460000001,
    5121899.460000001,
    5122899.460000001,
    5123899.460000001,
    5124899.460000001,
    5125899.460000001,
    5126899.460000001,
    5127899.460000001,
    5128899.460000001,
    5129899.460000001,
    5130899.460000001,
    5131899.460000001,
    5132899.460000001,
    5133899.460000001,
    5134899.460000001,
    5135899.460000001
  ],
  "conceptual": [
    5127899.460000001,
    5128899.460000001,
    5129899.460000001,
    5130899.460000001,
    5131899.460000001,
    5132899.460000001
  ]
}