{
  "no person": [
    3108230.1269999994,
    3109230.1269999994,
    3110230.1269999994
  ],
  "wood": [
    3111230.1269999994,
    3112230.1269999994,
    3113230.1269999994,
    3114230.1269999994,
    3115230.1269999994,
    3116230.1269999994,
    3117230.1269999994
  ]
}