{
  "text": [
    5082827.752000001,
    5083827.752000001
  ],
  "conceptual": [
    5105827.752000001,
    5106827.752000001,
    5107827.752000001
  ]
}