{
  "no person": [
    3695191.5019999994,
    3696191.5019999994,
    3697191.5019999994,
    3698191.5019999994,
    3699191.5019999994,
    3700191.5019999994,
    3701191.5019999994,
    3702191.5019999994
  ],
  "architecture": [
    3701191.5019999994,
    3702191.5019999994
  ]
}