{
  "mammal": [
    4412195.460000001,
    4413195.460000001,
    4414195.460000001,
    4415195.460000001
  ],
  "dog": [
    4418195.460000001,
    4419195.460000001
  ]
}