{
  "mammal": [
    158575.08399999997,
    159575.08399999997,
    160575.08399999997,
    161575.08399999997,
    162575.08399999997,
    163575.08399999997,
    164575.08399999997,
    165575.08399999997,
    166575.08399999997,
    167575.08399999997
  ],
  "animal": [
    159575.08399999997,
    160575.08399999997,
    161575.08399999997,
    162575.08399999997,
    163575.08399999997,
    164575.08399999997,
    165575.08399999997,
    166575.08399999997,
    167575.08399999997
  ],
  "cute": [
    159575.08399999997,
    160575.08399999997,
    161575.08399999997,
    162575.08399999997
  ],
  "cat": [
    160575.08399999997,
    161575.08399999997,
    162575.08399999997,
    163575.08399999997
  ],
  "dog": [
    164575.08399999997,
    165575.08399999997,
    166575.08399999997,
    167575.08399999997
  ]
}