{
  "room": [
    2871118.2519999994,
    2872118.2519999994,
    2873118.2519999994,
    2874118.2519999994,
    2875118.2519999994,
    2876118.2519999994,
    2877118.2519999994,
    2878118.2519999994
  ],
  "furniture": [
    2871118.2519999994,
    2872118.2519999994,
    2873118.2519999994,
    2874118.2519999994,
    2875118.2519999994
  ],
  "indoors": [
    2871118.2519999994,
    2872118.2519999994,
    2873118.2519999994,
    2874118.2519999994,
    2875118.2519999994,
    2876118.2519999994,
    2877118.2519999994,
    2878118.2519999994
  ],
  "home": [
    2871118.2519999994,
    2872118.2519999994,
    2873118.2519999994,
    2874118.2519999994,
    2875118.2519999994
  ],
  "seat": [
    2871118.2519999994,
    2872118.2519999994
  ],
  "chair": [
    2871118.2519999994,
    2872118.2519999994
  ],
  "interior design": [
    2871118.2519999994,
    2872118.2519999994
  ],
  "window": [
    2873118.2519999994,
    2874118.2519999994,
    2875118.2519999994,
    2876118.2519999994,
    2877118.2519999994
  ],
  "mammal": [
    2890118.2519999994,
    2891118.2519999994,
    2892118.2519999994
  ],
  "no person": [
    2900118.2519999994,
    2901118.2519999994,
    2902118.2519999994,
    2903118.2519999994,
    2904118.2519999994,
    2905118.2519999994,
    2906118.2519999994,
    2907118.2519999994,
    2908118.2519999994,
    2909118.2519999994
  ]
}