{
  "shelf": [
    4825862.710000001,
    4826862.710000001,
    4827862.710000001,
    4828862.710000001,
    4829862.710000001,
    4830862.710000001,
    4831862.710000001,
    4832862.710000001,
    4833862.710000001,
    4834862.710000001,
    4835862.710000001,
    4836862.710000001,
    4837862.710000001,
    4838862.710000001,
    4839862.710000001,
    4840862.710000001,
    4841862.710000001
  ],
  "stock": [
    4825862.710000001,
    4826862.710000001,
    4827862.710000001,
    4828862.710000001,
    4829862.710000001,
    4830862.710000001,
    4831862.710000001,
    4832862.710000001,
    4833862.710000001,
    4834862.710000001,
    4835862.710000001,
    4836862.710000001,
    4837862.710000001
  ],
  "library": [
    4828862.710000001,
    4829862.710000001,
    4830862.710000001,
    4831862.710000001,
    4836862.710000001,
    4837862.710000001,
    4838862.710000001,
    4839862.710000001
  ],
  "bookcase": [
    4828862.710000001,
    4829862.710000001,
    4830862.710000001,
    4831862.710000001
  ],
  "education": [
    4836862.710000001,
    4837862.710000001,
    4838862.710000001,
    4839862.710000001
  ],
  "school": [
    4836862.710000001,
    4837862.710000001,
    4838862.710000001,
    4839862.710000001,
    4840862.710000001
  ],
  "no person": [
    4843862.710000001,
    4844862.710000001,
    4845862.710000001,
    4846862.710000001,
    4847862.710000001
  ],
  "soccer": [
    4844862.710000001,
    4845862.710000001,
    4846862.710000001,
    4847862.710000001,
    4848862.710000001,
    4849862.710000001,
    4850862.710000001,
    4851862.710000001,
    4852862.710000001,
    4853862.710000001,
    4854862.710000001,
    4855862.710000001
  ],
  "football": [
    4845862.710000001,
    4846862.710000001,
    4847862.710000001,
    4848862.710000001,
    4849862.710000001,
    4850862.710000001,
    4851862.710000001,
    4852862.710000001,
    4853862.710000001,
    4854862.710000001,
    4855862.710000001
  ],
  "airport": [
    4850862.710000001,
    4851862.710000001,
    4852862.710000001,
    4853862.710000001,
    4854862.710000001,
    4855862.710000001
  ]
}