{
  "portrait": [
    3181052.877999999,
    3182052.877999999,
    3183052.877999999,
    3184052.877999999
  ],
  "no person": [
    3186052.877999999,
    3187052.877999999,
    3188052.877999999,
    3189052.877999999,
    3190052.877999999
  ],
  "wildlife": [
    3188052.877999999,
    3189052.877999999,
    3190052.877999999
  ]
}