{
  "text": [
    5162949.460000001,
    5163949.460000001,
    5164949.460000001,
    5165949.460000001
  ],
  "conceptual": [
    5165949.460000001,
    5166949.460000001,
    5167949.460000001,
    5168949.460000001,
    5169949.460000001,
    5170949.460000001
  ],
  "no person": [
    5167949.460000001,
    5168949.460000001,
    5169949.460000001,
    5175949.460000001,
    5176949.460000001,
    5177949.460000001,
    5178949.460000001,
    5179949.460000001,
    5180949.460000001,
    5181949.460000001
  ]
}