{
  "soccer": [
    4855892.710000001,
    4856892.710000001,
    4857892.710000001,
    4858892.710000001,
    4859892.710000001,
    4864892.710000001,
    4865892.710000001,
    4866892.710000001,
    4867892.710000001,
    4868892.710000001,
    4869892.710000001,
    4870892.710000001,
    4871892.710000001,
    4872892.710000001,
    4873892.710000001,
    4874892.710000001,
    4875892.710000001,
    4876892.710000001,
    4877892.710000001,
    4878892.710000001,
    4879892.710000001,
    4880892.710000001,
    4881892.710000001,
    4882892.710000001,
    4883892.710000001,
    4884892.710000001,
    4885892.710000001,
    4886892.710000001,
    4887892.710000001,
    4888892.710000001,
    4889892.710000001,
    4890892.710000001,
    4891892.710000001,
    4892892.710000001,
    4893892.710000001,
    4894892.710000001,
    4895892.710000001,
    4896892.710000001,
    4897892.710000001,
    4898892.710000001,
    4899892.710000001,
    4900892.710000001,
    4901892.710000001,
    4902892.710000001,
    4903892.710000001,
    4904892.710000001,
    4905892.710000001,
    4906892.710000001,
    4907892.710000001,
    4908892.710000001,
    4909892.710000001,
    4910892.710000001,
    4911892.710000001,
    4912892.710000001,
    4913892.710000001,
    4914892.710000001,
    4915892.710000001,
    4916892.710000001,
    4917892.710000001,
    4918892.710000001,
    4919892.710000001,
    4920892.710000001,
    4921892.710000001,
    4922892.710000001,
    4923892.710000001,
    4924892.710000001,
    4925892.710000001,
    4926892.710000001,
    4927892.710000001,
    4931892.710000001,
    4932892.710000001,
    4933892.710000001,
    4934892.710000001,
    4935892.710000001,
    4936892.710000001,
    4937892.710000001,
    4938892.710000001,
    4939892.710000001,
    4940892.710000001,
    4941892.710000001
  ],
  "football": [
    4855892.710000001,
    4856892.710000001,
    4857892.710000001,
    4858892.710000001,
    4859892.710000001,
    4864892.710000001,
    4865892.710000001,
    4866892.710000001,
    4867892.710000001,
    4868892.710000001,
    4869892.710000001,
    4870892.710000001,
    4871892.710000001,
    4872892.710000001,
    4873892.710000001,
    4874892.710000001,
    4875892.710000001,
    4876892.710000001,
    4877892.710000001,
    4878892.710000001,
    4879892.710000001,
    4880892.710000001,
    4881892.710000001,
    4882892.710000001,
    4883892.710000001,
    4884892.710000001,
    4885892.710000001,
    4886892.710000001,
    4887892.710000001,
    4888892.710000001,
    4889892.710000001,
    4890892.710000001,
    4891892.710000001,
    4892892.710000001,
    4893892.710000001,
    4894892.710000001,
    4895892.710000001,
    4896892.710000001,
    4897892.710000001,
    4898892.710000001,
    4899892.710000001,
    4900892.710000001,
    4901892.710000001,
    4902892.710000001,
    4903892.710000001,
    4904892.710000001,
    4905892.710000001,
    4906892.710000001,
    4907892.710000001,
    4908892.710000001,
    4909892.710000001,
    4910892.710000001,
    4911892.710000001,
    4912892.710000001,
    4913892.710000001,
    4914892.710000001,
    4915892.710000001,
    4916892.710000001,
    4917892.710000001,
    4918892.710000001,
    4919892.710000001,
    4920892.710000001,
    4921892.710000001,
    4922892.710000001,
    4923892.710000001,
    4924892.710000001,
    4925892.710000001,
    4926892.710000001,
    4927892.710000001,
    4931892.710000001,
    4932892.710000001,
    4933892.710000001,
    4934892.710000001,
    4935892.710000001,
    4936892.710000001,
    4937892.710000001,
    4938892.710000001,
    4939892.710000001,
    4940892.710000001,
    4941892.710000001
  ],
  "airport": [
    4858892.710000001,
    4859892.710000001,
    4860892.710000001,
    4861892.710000001,
    4862892.710000001,
    4863892.710000001,
    4864892.710000001,
    4865892.710000001,
    4866892.710000001,
    4867892.710000001,
    4868892.710000001,
    4869892.710000001,
    4870892.710000001,
    4871892.710000001,
    4872892.710000001,
    4873892.710000001,
    4874892.710000001,
    4875892.710000001,
    4876892.710000001,
    4877892.710000001,
    4878892.710000001,
    4879892.710000001,
    4880892.710000001,
    4881892.710000001,
    4882892.710000001,
    4883892.710000001,
    4884892.710000001,
    4885892.710000001,
    4886892.710000001,
    4887892.710000001,
    4888892.710000001,
    4889892.710000001,
    4890892.710000001,
    4891892.710000001,
    4892892.710000001,
    4893892.710000001,
    4894892.710000001,
    4895892.710000001,
    4896892.710000001,
    4897892.710000001,
    4898892.710000001,
    4899892.710000001,
    4900892.710000001,
    4901892.710000001,
    4902892.710000001,
    4903892.710000001,
    4904892.710000001,
    4905892.710000001,
    4906892.710000001,
    4907892.710000001,
    4908892.710000001,
    4909892.710000001,
    4910892.710000001,
    4911892.710000001,
    4912892.710000001,
    4913892.710000001,
    4914892.710000001,
    4915892.710000001,
    4916892.710000001,
    4917892.710000001,
    4918892.710000001,
    4919892.710000001,
    4920892.710000001,
    4928892.710000001,
    4929892.710000001,
    4930892.710000001,
    4931892.710000001,
    4932892.710000001,
    4933892.710000001,
    4934892.710000001,
    4935892.710000001,
    4936892.710000001,
    4937892.710000001,
    4938892.710000001
  ],
  "signal": [
    4860892.710000001,
    4861892.710000001,
    4862892.710000001,
    4863892.710000001,
    4868892.710000001,
    4869892.710000001,
    4870892.710000001,
    4871892.710000001,
    4872892.710000001,
    4873892.710000001,
    4874892.710000001,
    4875892.710000001,
    4876892.710000001,
    4877892.710000001,
    4878892.710000001
  ],
  "transportation system": [
    4864892.710000001,
    4865892.710000001,
    4866892.710000001,
    4867892.710000001,
    4868892.710000001,
    4869892.710000001,
    4870892.710000001,
    4871892.710000001,
    4872892.710000001,
    4873892.710000001,
    4874892.710000001,
    4875892.710000001,
    4876892.710000001,
    4877892.710000001,
    4878892.710000001,
    4879892.710000001,
    4880892.710000001,
    4881892.710000001,
    4882892.710000001,
    4883892.710000001,
    4884892.710000001,
    4885892.710000001,
    4886892.710000001,
    4887892.710000001,
    4888892.710000001,
    4889892.710000001,
    4890892.710000001,
    4891892.710000001,
    4892892.710000001,
    4893892.710000001,
    4894892.710000001,
    4895892.710000001,
    4896892.710000001,
    4897892.710000001,
    4898892.710000001,
    4899892.710000001,
    4900892.710000001,
    4901892.710000001,
    4902892.710000001,
    4903892.710000001,
    4904892.710000001,
    4905892.710000001,
    4906892.710000001,
    4907892.710000001,
    4908892.710000001,
    4909892.710000001,
    4910892.710000001,
    4911892.710000001,
    4912892.710000001,
    4913892.710000001,
    4914892.710000001,
    4915892.710000001,
    4916892.710000001,
    4917892.710000001,
    4918892.710000001,
    4919892.710000001,
    4924892.710000001,
    4925892.710000001,
    4926892.710000001,
    4927892.710000001,
    4932892.710000001,
    4933892.710000001,
    4934892.710000001,
    4935892.710000001,
    4936892.710000001,
    4937892.710000001,
    4938892.710000001
  ],
  "parking lot": [
    4888892.710000001,
    4889892.710000001,
    4890892.710000001,
    4895892.710000001,
    4896892.710000001,
    4897892.710000001
  ],