{
  "landscape": [
    4524520.002000001,
    4525520.002000001,
    4526520.002000001,
    4527520.002000001,
    4528520.002000001,
    4529520.002000001,
    4537520.002000001,
    4538520.002000001,
    4539520.002000001,
    4540520.002000001,
    4541520.002000001,
    4542520.002000001,
    4543520.002000001,
    4547520.002000001,
    4548520.002000001,
    4549520.002000001,
    4550520.002000001,
    4551520.002000001,
    4552520.002000001,
    4553520.002000001,
    4554520.002000001
  ],
  "no person": [
    4524520.002000001,
    4525520.002000001,
    4526520.002000001,
    4527520.002000001,
    4537520.002000001,
    4538520.002000001,
    4539520.002000001,
    4540520.002000001,
    4541520.002000001,
    4542520.002000001,
    4543520.002000001
  ],
  "mountain": [
    4524520.002000001,
    4525520.002000001,
    4526520.002000001,
    4527520.002000001,
    4528520.002000001
  ],
  "mammal": [
    4532520.002000001,
    4533520.002000001,
    4534520.002000001,
    4535520.002000001,
    4536520.002000001
  ],
  "desert": [
    4547520.002000001,
    4548520.002000001,
    4549520.002000001,
    4550520.002000001,
    4551520.002000001,
    4552520.002000001,
    4553520.002000001,
    4554520.002000001
  ],
  "rock": [
    4551520.002000001,
    4552520.002000001,
    4553520.002000001,
    4554520.002000001
  ]
}