{
  "wildlife": [
    3190979.460999999,
    3191979.460999999,
    3192979.460999999,
    3193979.460999999,
    3194979.460999999,
    3195979.460999999,
    3196979.460999999,
    3197979.460999999
  ],
  "no person": [
    3190979.460999999,
    3191979.460999999
  ],
  "bird": [
    3190979.460999999,
    3191979.460999999
  ]
}