{
  "sunset": [
    183641.79199999996,
    184641.79199999996,
    185641.79199999996,
    186641.79199999996
  ],
  "no person": [
    186641.79199999996,
    187641.79199999996,
    188641.79199999996,
    189641.79199999996
  ],
  "wood": [
    188641.79199999996,
    189641.79199999996,
    190641.79199999996
  ],
  "house": [
    191641.79199999996,
    192641.79199999996
  ]
}