{
  "mammal": [
    3145517.3769999994,
    3146517.3769999994,
    3147517.3769999994,
    3148517.3769999994,
    3149517.3769999994,
    3150517.3769999994,
    3151517.3769999994
  ],
  "portrait": [
    3145517.3769999994,
    3146517.3769999994
  ],
  "eye": [
    3145517.3769999994,
    3146517.3769999994,
    3147517.3769999994,
    3148517.3769999994
  ]
}