{
  "cat": [
    262720.79199999996,
    263720.79199999996,
    264720.79199999996,
    265720.79199999996,
    266720.79199999996,
    267720.79199999996,
    268720.79199999996
  ],
  "portrait": [
    262720.79199999996,
    263720.79199999996,
    264720.79199999996,
    265720.79199999996,
    266720.79199999996
  ],
  "mammal": [
    262720.79199999996,
    263720.79199999996,
    264720.79199999996,
    265720.79199999996,
    266720.79199999996,
    267720.79199999996,
    268720.79199999996,
    269720.79199999996
  ],
  "sky": [
    270720.79199999996,
    271720.79199999996,
    272720.79199999996,
    273720.79199999996,
    274720.79199999996,
    275720.79199999996,
    276720.79199999996,
    277720.79199999996,
    278720.79199999996,
    279720.79199999996
  ],
  "sunset": [
    274720.79199999996,
    275720.79199999996
  ],
  "airplane": [
    274720.79199999996,
    275720.79199999996
  ],
  "landscape": [
    278720.79199999996,
    279720.79199999996,
    280720.79199999996,
    281720.79199999996,
    282720.79199999996,
    283720.79199999996,
    284720.79199999996,
    285720.79199999996,
    286720.79199999996,
    287720.79199999996
  ]
}