{
  "shelf": [
    4693546.877000001,
    4694546.877000001,
    4695546.877000001,
    4696546.877000001,
    4697546.877000001,
    4698546.877000001,
    4699546.877000001
  ],
  "indoors": [
    4676546.877000001,
    4677546.877000001
  ],
  "stock": [
    4693546.877000001,
    4694546.877000001,
    4695546.877000001,
    4696546.877000001,
    4697546.877000001,
    4698546.877000001,
    4699546.877000001
  ],
  "exhibition": [
    4706546.877000001,
    4707546.877000001,
    4708546.877000001,
    4709546.877000001
  ]
}