{
  "landscape": [
    4501659.835000001,
    4502659.835000001,
    4503659.835000001,
    4504659.835000001
  ],
  "mountain": [
    4502659.835000001,
    4503659.835000001
  ],
  "no person": [
    4505659.835000001,
    4506659.835000001,
    4507659.835000001
  ],
  "animal": [
    4517659.835000001,
    4518659.835000001,
    4519659.835000001
  ]
}