{
  "no person": [
    2476056.9189999993,
    2477056.9189999993,
    2478056.9189999993,
    2479056.9189999993,
    2480056.9189999993,
    2481056.9189999993,
    2482056.9189999993,
    2483056.9189999993,
    2484056.9189999993,
    2485056.9189999993,
    2486056.9189999993,
    2487056.9189999993,
    2488056.9189999993,
    2489056.9189999993
  ],
  "mammal": [
    2476056.9189999993,
    2477056.9189999993,
    2478056.9189999993,
    2479056.9189999993,
    2480056.9189999993,
    2481056.9189999993,
    2482056.9189999993,
    2483056.9189999993,
    2487056.9189999993,
    2488056.9189999993,
    2489056.9189999993,
    2490056.9189999993,
    2491056.9189999993,
    2492056.9189999993,
    2493056.9189999993,
    2494056.9189999993
  ],
  "one": [
    2476056.9189999993,
    2477056.9189999993,
    2478056.9189999993,
    2479056.9189999993
  ]
}