{
  "portrait": [
    2371911.2099999995,
    2372911.2099999995
  ],
  "cat": [
    2377911.2099999995,
    2378911.2099999995,
    2379911.2099999995
  ],
  "pet": [
    2377911.2099999995,
    2378911.2099999995,
    2379911.2099999995
  ],
  "no person": [
    2393911.2099999995,
    2394911.2099999995,
    2395911.2099999995,
    2396911.2099999995,
    2397911.2099999995,
    2398911.2099999995
  ]
}