{
  "portrait": [
    3143135.0019999994,
    3144135.0019999994,
    3145135.0019999994
  ],
  "mammal": [
    3144135.0019999994,
    3145135.0019999994
  ]
}