{
  "outdoors": [
    7431209.461000002,
    7432209.461000002,
    7433209.461000002,
    7434209.461000002,
    7435209.461000002,
    7436209.461000002,
    7437209.461000002,
    7438209.461000002,
    7439209.461000002,
    7440209.461000002,
    7441209.461000002,
    7442209.461000002,
    7443209.461000002,
    7444209.461000002,
    7445209.461000002
  ],
  "cloud": [
    7427209.461000002,
    7428209.461000002,
    7429209.461000002,
    7430209.461000002,
    7431209.461000002,
    7432209.461000002,
    7433209.461000002,
    7434209.461000002,
    7435209.461000002,
    7436209.461000002,
    7437209.461000002,
    7438209.461000002,
    7439209.461000002,
    7440209.461000002,
    7441209.461000002,
    7442209.461000002,
    7443209.461000002,
    7444209.461000002,
    7445209.461000002
  ],
  "transportation system": [
    7444209.461000002,
    7445209.461000002
  ]
}