{
  "cloud": [
    7445229.461000002,
    7446229.461000002,
    7447229.461000002,
    7448229.461000002,
    7449229.461000002,
    7450229.461000002,
    7451229.461000002,
    7452229.461000002,
    7453229.461000002,
    7454229.461000002,
    7455229.461000002,
    7456229.461000002,
    7457229.461000002,
    7458229.461000002,
    7459229.461000002,
    7460229.461000002,
    7461229.461000002,
    7462229.461000002,
    7463229.461000002,
    7464229.461000002,
    7465229.461000002
  ],
  "outdoors": [
    7446229.461000002,
    7447229.461000002,
    7448229.461000002,
    7452229.461000002,
    7453229.461000002,
    7454229.461000002,
    7455229.461000002,
    7456229.461000002,
    7457229.461000002,
    7458229.461000002,
    7459229.461000002,
    7460229.461000002,
    7461229.461000002,
    7462229.461000002,
    7463229.461000002,
    7464229.461000002,
    7465229.461000002
  ]
}