{
  "cloud": [
    7520289.461000002,
    7521289.461000002,
    7522289.461000002,
    7523289.461000002,
    7524289.461000002,
    7525289.461000002
  ],
  "outdoors": [
    7523289.461000002,
    7524289.461000002,
    7525289.461000002
  ]
}