{
  "cloud": [
    7385169.461000002,
    7386169.461000002,
    7387169.461000002,
    7388169.461000002,
    7389169.461000002,
    7390169.461000002,
    7391169.461000002,
    7392169.461000002,
    7393169.461000002,
    7394169.461000002,
    7395169.461000002,
    7396169.461000002,
    7397169.461000002,
    7398169.461000002,
    7399169.461000002,
    7400169.461000002,
    7401169.461000002,
    7402169.461000002,
    7403169.461000002,
    7404169.461000002,
    7405169.461000002
  ],
  "outdoors": [
    7385169.461000002,
    7386169.461000002,
    7387169.461000002,
    7388169.461000002,
    7389169.461000002,
    7390169.461000002,
    7391169.461000002,
    7392169.461000002,
    7393169.461000002,
    7394169.461000002,
    7395169.461000002,
    7396169.461000002,
    7397169.461000002,
    7398169.461000002,
    7399169.461000002,
    7400169.461000002,
    7401169.461000002,
    7402169.461000002,
    7403169.461000002,
    7404169.461000002,
    7405169.461000002
  ]
}