{
  "outdoors": [
    7351129.461000002,
    7352129.461000002,
    7353129.461000002,
    7354129.461000002,
    7355129.461000002,
    7356129.461000002,
    7357129.461000002,
    7358129.461000002,
    7359129.461000002,
    7360129.461000002,
    7361129.461000002,
    7362129.461000002,
    7363129.461000002,
    7364129.461000002,
    7365129.461000002
  ],
  "cloud": [
    7350129.461000002,
    7351129.461000002,
    7352129.461000002,
    7353129.461000002,
    7354129.461000002
  ],
  "asphalt": [
    7359129.461000002,
    7360129.461000002,
    7361129.461000002,
    7362129.461000002,
    7363129.461000002,
    7364129.461000002,
    7365129.461000002
  ],
  "transportation system": [
    7360129.461000002,
    7361129.461000002,
    7362129.461000002,
    7363129.461000002,
    7364129.461000002,
    7365129.461000002
  ],
  "road": [
    7360129.461000002,
    7361129.461000002,
    7362129.461000002,
    7363129.461000002,
    7364129.461000002,
    7365129.461000002
  ],
  "trip (journey)": [
    7361129.461000002,
    7362129.461000002,
    7363129.461000002,
    7364129.461000002,
    7365129.461000002
  ],
  "hurry": [
    7362129.461000002,
    7365129.461000002
  ],
  "highway": [
    7362129.461000002,
    7363129.461000002,
    7364129.461000002,
    7365129.461000002
  ],
  "expressway": [
    7364129.461000002,
    7365129.461000002
  ]
}