{
  "shopping": [
    2634588.2900000005,
    2635588.2900000005,
    2636588.2900000005,
    2637588.2900000005,
    2638588.2900000005,
    2639588.2900000005,
    2640588.2900000005,
    2641588.2900000005,
    2642588.2900000005,
    2643588.2900000005,
    2644588.2900000005,
    2645588.2900000005,
    2646588.2900000005,
    2647588.2900000005,
    2650588.2900000005,
    2651588.2900000005,
    2652588.2900000005,
    2653588.2900000005,
    2654588.2900000005,
    2655588.2900000005,
    2656588.2900000005,
    2657588.2900000005,
    2658588.2900000005,
    2659588.2900000005,
    2660588.2900000005,
    2661588.2900000005,
    2662588.2900000005,
    2663588.2900000005,
    2664588.2900000005,
    2665588.2900000005
  ],
  "stock": [
    2639588.2900000005,
    2640588.2900000005,
    2641588.2900000005,
    2642588.2900000005,
    2643588.2900000005,
    2644588.2900000005,
    2645588.2900000005,
    2646588.2900000005,
    2647588.2900000005,
    2650588.2900000005,
    2651588.2900000005,
    2652588.2900000005,
    2653588.2900000005,
    2654588.2900000005,
    2655588.2900000005,
    2656588.2900000005,
    2657588.2900000005,
    2658588.2900000005,
    2659588.2900000005,
    2660588.2900000005,
    2661588.2900000005,
    2662588.2900000005,
    2663588.2900000005,
    2664588.2900000005,
    2665588.2900000005
  ],
  "market": [
    2638588.2900000005,
    2639588.2900000005,
    2640588.2900000005,
    2641588.2900000005,
    2642588.2900000005,
    2643588.2900000005,
    2644588.2900000005,
    2645588.2900000005,
    2646588.2900000005,
    2647588.2900000005,
    2657588.2900000005,
    2658588.2900000005,
    2659588.2900000005,
    2660588.2900000005,
    2661588.2900000005,
    2662588.2900000005,
    2663588.2900000005,
    2664588.2900000005,
    2665588.2900000005
  ],
  "commerce": [
    2638588.2900000005,
    2639588.2900000005,
    2640588.2900000005,
    2641588.2900000005,
    2642588.2900000005,
    2643588.2900000005,
    2644588.2900000005,
    2645588.2900000005,
    2646588.2900000005,
    2647588.2900000005,
    2660588.2900000005,
    2661588.2900000005,
    2662588.2900000005,
    2663588.2900000005,
    2664588.2900000005,
    2665588.2900000005
  ],
  "shop": [
    2639588.2900000005,
    2640588.2900000005,
    2641588.2900000005,
    2642588.2900000005,
    2643588.2900000005,
    2644588.2900000005,
    2661588.2900000005,
    2662588.2900000005,
    2663588.2900000005,
    2664588.2900000005,
    2665588.2900000005
  ],
  "people": [
    2651588.2900000005,
    2652588.2900000005,
    2653588.2900000005,
    2654588.2900000005,
    2655588.2900000005,
    2656588.2900000005,
    2657588.2900000005,
    2658588.2900000005,
    2659588.2900000005
  ],
  "sale": [
    2663588.2900000005,
    2664588.2900000005,
    2665588.2900000005
  ],
  "bargain": [
    2664588.2900000005,
    2665588.2900000005
  ]
}