{
  "cloud": [
    7421189.461000002,
    7422189.461000002,
    7423189.461000002,
    7424189.461000002,
    7425189.461000002
  ],
  "outdoors": [
    7405189.461000002,
    7406189.461000002,
    7407189.461000002,
    7408189.461000002,
    7409189.461000002,
    7410189.461000002,
    7411189.461000002,
    7412189.461000002,
    7413189.461000002,
    7414189.461000002,
    7415189.461000002,
    7416189.461000002,
    7417189.461000002,
    7418189.461000002,
    7419189.461000002,
    7420189.461000002,
    7421189.461000002,
    7422189.461000002,
    7423189.461000002
  ],
  "horizontal plane": [
    7408189.461000002,
    7409189.461000002,
    7410189.461000002
  ],
  "transportation system": [
    7409189.461000002,
    7410189.461000002,
    7411189.461000002,
    7412189.461000002,
    7413189.461000002,
    7414189.461000002,
    7415189.461000002
  ]
}