{
  "outdoors": [
    7526309.461000002,
    7527309.461000002,
    7528309.461000002,
    7529309.461000002,
    7530309.461000002,
    7531309.461000002,
    7532309.461000002,
    7543309.461000002,
    7544309.461000002,
    7545309.461000002
  ],
  "cloud": [
    7527309.461000002,
    7528309.461000002,
    7529309.461000002,
    7530309.461000002,
    7531309.461000002,
    7532309.461000002,
    7533309.461000002,
    7534309.461000002,
    7543309.461000002,
    7544309.461000002,
    7545309.461000002
  ],
  "text": [
    7540309.461000002,
    7541309.461000002,
    7542309.461000002
  ]
}