{
  "outdoors": [
    7465249.461000002,
    7466249.461000002,
    7467249.461000002,
    7468249.461000002,
    7469249.461000002,
    7470249.461000002,
    7471249.461000002,
    7472249.461000002,
    7473249.461000002,
    7474249.461000002,
    7475249.461000002,
    7483249.461000002,
    7484249.461000002,
    7485249.461000002
  ],
  "cloud": [
    7465249.461000002,
    7466249.461000002,
    7467249.461000002,
    7468249.461000002,
    7469249.461000002,
    7470249.461000002,
    7475249.461000002,
    7476249.461000002,
    7477249.461000002,
    7478249.461000002,
    7479249.461000002,
    7480249.461000002,
    7481249.461000002,
    7482249.461000002,
    7483249.461000002,
    7484249.461000002,
    7485249.461000002
  ]
}