{
  "asphalt": [
    7365149.461000002,
    7366149.461000002,
    7367149.461000002,
    7368149.461000002,
    7369149.461000002,
    7370149.461000002,
    7371149.461000002,
    7372149.461000002,
    7373149.461000002,
    7374149.461000002,
    7375149.461000002
  ],
  "road": [
    7365149.461000002,
    7366149.461000002,
    7367149.461000002,
    7368149.461000002,
    7369149.461000002,
    7370149.461000002,
    7371149.461000002,
    7372149.461000002,
    7373149.461000002,
    7374149.461000002,
    7375149.461000002
  ],
  "transportation system": [
    7365149.461000002,
    7366149.461000002,
    7367149.461000002,
    7368149.461000002,
    7369149.461000002,
    7370149.461000002,
    7371149.461000002,
    7372149.461000002,
    7373149.461000002,
    7374149.461000002
  ],
  "highway": [
    7365149.461000002,
    7366149.461000002,
    7367149.461000002,
    7368149.461000002,
    7369149.461000002,
    7370149.461000002,
    7371149.461000002
  ],
  "outdoors": [
    7365149.461000002,
    7366149.461000002,
    7367149.461000002,
    7368149.461000002,
    7369149.461000002,
    7370149.461000002,
    7371149.461000002,
    7372149.461000002,
    7373149.461000002,
    7374149.461000002,
    7375149.461000002,
    7376149.461000002,
    7377149.461000002,
    7378149.461000002,
    7379149.461000002,
    7380149.461000002,
    7381149.461000002,
    7382149.461000002,
    7383149.461000002,
    7384149.461000002,
    7385149.461000002
  ],
  "trip (journey)": [
    7365149.461000002,
    7366149.461000002,
    7367149.461000002,
    7368149.461000002,
    7369149.461000002,
    7370149.461000002,
    7371149.461000002,
    7372149.461000002
  ],
  "car": [
    7367149.461000002,
    7368149.461000002,
    7369149.461000002,
    7370149.461000002
  ],
  "horizontal plane": [
    7375149.461000002,
    7376149.461000002,
    7377149.461000002
  ],
  "cloud": [
    7377149.461000002,
    7378149.461000002,
    7379149.461000002,
    7380149.461000002,
    7381149.461000002,
    7382149.461000002,
    7383149.461000002,
    7384149.461000002,
    7385149.461000002
  ]
}