{
  "transportation system": [
    7565349.461000002,
    7566349.461000002,
    7567349.461000002,
    7568349.461000002,
    7570349.461000002,
    7571349.461000002,
    7572349.461000002,
    7573349.461000002,
    7574349.461000002,
    7575349.461000002,
    7576349.461000002,
    7577349.461000002,
    7578349.461000002,
    7579349.461000002,
    7580349.461000002,
    7581349.461000002,
    7582349.461000002,
    7583349.461000002,
    7584349.461000002,
    7585349.461000002
  ],
  "road": [
    7571349.461000002,
    7572349.461000002,
    7573349.461000002,
    7574349.461000002,
    7575349.461000002,
    7576349.461000002,
    7577349.461000002,
    7578349.461000002,
    7579349.461000002,
    7580349.461000002,
    7581349.461000002,
    7582349.461000002,
    7583349.461000002,
    7584349.461000002,
    7585349.461000002
  ],
  "outdoors": [
    7573349.461000002,
    7574349.461000002,
    7575349.461000002,
    7576349.461000002
  ],
  "traffic": [
    7570349.461000002,
    7571349.461000002,
    7572349.461000002
  ],
  "asphalt": [
    7571349.461000002,
    7572349.461000002,
    7573349.461000002,
    7574349.461000002,
    7575349.461000002,
    7576349.461000002,
    7577349.461000002,
    7578349.461000002,
    7579349.461000002,
    7580349.461000002,
    7581349.461000002,
    7582349.461000002,
    7583349.461000002,
    7584349.461000002
  ],
  "highway": [
    7573349.461000002,
    7574349.461000002,
    7575349.461000002,
    7576349.461000002,
    7577349.461000002,
    7578349.461000002,
    7579349.461000002,
    7580349.461000002,
    7581349.461000002,
    7582349.461000002,
    7583349.461000002,
    7584349.461000002,
    7585349.461000002
  ],
  "drive": [
    7578349.461000002,
    7579349.461000002,
    7580349.461000002,
    7581349.461000002
  ],
  "abstract": [
    7586349.461000002,
    7587349.461000002,
    7588349.461000002,
    7589349.461000002,
    7590349.461000002,
    7591349.461000002,
    7592349.461000002
  ],
  "moon": [
    7586349.461000002,
    7587349.461000002,
    7588349.461000002,
    7589349.461000002,
    7590349.461000002,
    7591349.461000002,
    7592349.461000002
  ]
}