{
  "cloud": [
    7545329.461000002,
    7546329.461000002,
    7547329.461000002,
    7548329.461000002,
    7549329.461000002,
    7550329.461000002,
    7551329.461000002
  ],
  "outdoors": [
    7545329.461000002,
    7546329.461000002,
    7547329.461000002,
    7548329.461000002,
    7549329.461000002,
    7550329.461000002,
    7551329.461000002,
    7557329.461000002,
    7558329.461000002,
    7559329.461000002,
    7560329.461000002,
    7561329.461000002,
    7562329.461000002
  ],
  "transportation system": [
    7555329.461000002,
    7556329.461000002,
    7557329.461000002,
    7558329.461000002,
    7559329.461000002,
    7560329.461000002,
    7561329.461000002,
    7562329.461000002,
    7563329.461000002,
    7564329.461000002,
    7565329.461000002
  ],
  "road": [
    7555329.461000002,
    7556329.461000002,
    7557329.461000002,
    7558329.461000002,
    7559329.461000002,
    7560329.461000002,
    7561329.461000002,
    7562329.461000002,
    7563329.461000002,
    7564329.461000002,
    7565329.461000002
  ],
  "horizontal plane": [
    7556329.461000002,
    7557329.461000002,
    7558329.461000002,
    7559329.461000002,
    7560329.461000002,
    7561329.461000002
  ],
  "asphalt": [
    7557329.461000002,
    7558329.461000002,
    7559329.461000002
  ],
  "car": [
    7558329.461000002,
    7559329.461000002,
    7560329.461000002,
    7561329.461000002,
    7562329.461000002,
    7563329.461000002,
    7564329.461000002,
    7565329.461000002
  ]
}