{
  "cloud": [
    7485269.461000002,
    7486269.461000002,
    7487269.461000002,
    7488269.461000002,
    7489269.461000002
  ],
  "outdoors": [
    7485269.461000002,
    7486269.461000002,
    7487269.461000002,
    7488269.461000002,
    7489269.461000002,
    7490269.461000002,
    7491269.461000002,
    7492269.461000002,
    7493269.461000002,
    7494269.461000002,
    7495269.461000002,
    7496269.461000002,
    7497269.461000002
  ],
  "transportation system": [
    7491269.461000002,
    7492269.461000002,
    7493269.461000002,
    7494269.461000002,
    7495269.461000002
  ],
  "road": [
    7492269.461000002,
    7493269.461000002,
    7494269.461000002,
    7495269.461000002
  ]
}